item_id,name,display_name,stack_size
0,air,Air,64
1,stone,Stone,64
2,granite,Granite,64
3,polished_granite,Polished Granite,64
4,diorite,Diorite,64
5,polished_diorite,Polished Diorite,64
6,andesite,Andesite,64
7,polished_andesite,Polished Andesite,64
8,deepslate,Deepslate,64
9,cobbled_deepslate,Cobbled Deepslate,64
10,polished_deepslate,Polished Deepslate,64
11,calcite,Calcite,64
12,tuff,Tuff,64
13,tuff_slab,Tuff Slab,64
14,tuff_stairs,Tuff Stairs,64
15,tuff_wall,Tuff Wall,64
16,chiseled_tuff,Chiseled Tuff,64
17,polished_tuff,Polished Tuff,64
18,polished_tuff_slab,Polished Tuff Slab,64
19,polished_tuff_stairs,Polished Tuff Stairs,64
20,polished_tuff_wall,Polished Tuff Wall,64
21,tuff_bricks,Tuff Bricks,64
22,tuff_brick_slab,Tuff Brick Slab,64
23,tuff_brick_stairs,Tuff Brick Stairs,64
24,tuff_brick_wall,Tuff Brick Wall,64
25,chiseled_tuff_bricks,Chiseled Tuff Bricks,64
26,dripstone_block,Dripstone Block,64
27,grass_block,Grass Block,64
28,dirt,Dirt,64
29,coarse_dirt,Coarse Dirt,64
30,podzol,Podzol,64
31,rooted_dirt,Rooted Dirt,64
32,mud,Mud,64
33,crimson_nylium,Crimson Nylium,64
34,warped_nylium,Warped Nylium,64
35,cobblestone,Cobblestone,64
36,oak_planks,Oak Planks,64
37,spruce_planks,Spruce Planks,64
38,birch_planks,Birch Planks,64
39,jungle_planks,Jungle Planks,64
40,acacia_planks,Acacia Planks,64
41,cherry_planks,Cherry Planks,64
42,dark_oak_planks,Dark Oak Planks,64
43,pale_oak_planks,Pale Oak Planks,64
44,mangrove_planks,Mangrove Planks,64
45,bamboo_planks,Bamboo Planks,64
46,crimson_planks,Crimson Planks,64
47,warped_planks,Warped Planks,64
48,bamboo_mosaic,Bamboo Mosaic,64
49,oak_sapling,Oak Sapling,64
50,spruce_sapling,Spruce Sapling,64
51,birch_sapling,Birch Sapling,64
52,jungle_sapling,Jungle Sapling,64
53,acacia_sapling,Acacia Sapling,64
54,cherry_sapling,Cherry Sapling,64
55,dark_oak_sapling,Dark Oak Sapling,64
56,pale_oak_sapling,Pale Oak Sapling,64
57,mangrove_propagule,Mangrove Propagule,64
58,bedrock,Bedrock,64
59,sand,Sand,64
60,suspicious_sand,Suspicious Sand,64
61,suspicious_gravel,Suspicious Gravel,64
62,red_sand,Red Sand,64
63,gravel,Gravel,64
64,coal_ore,Coal Ore,64
65,deepslate_coal_ore,Deepslate Coal Ore,64
66,iron_ore,Iron Ore,64
67,deepslate_iron_ore,Deepslate Iron Ore,64
68,copper_ore,Copper Ore,64
69,deepslate_copper_ore,Deepslate Copper Ore,64
70,gold_ore,Gold Ore,64
71,deepslate_gold_ore,Deepslate Gold Ore,64
72,redstone_ore,Redstone Ore,64
73,deepslate_redstone_ore,Deepslate Redstone Ore,64
74,emerald_ore,Emerald Ore,64
75,deepslate_emerald_ore,Deepslate Emerald Ore,64
76,lapis_ore,Lapis Lazuli Ore,64
77,deepslate_lapis_ore,Deepslate Lapis Lazuli Ore,64
78,diamond_ore,Diamond Ore,64
79,deepslate_diamond_ore,Deepslate Diamond Ore,64
80,nether_gold_ore,Nether Gold Ore,64
81,nether_quartz_ore,Nether Quartz Ore,64
82,ancient_debris,Ancient Debris,64
83,coal_block,Block of Coal,64
84,raw_iron_block,Block of Raw Iron,64
85,raw_copper_block,Block of Raw Copper,64
86,raw_gold_block,Block of Raw Gold,64
87,heavy_core,Heavy Core,64
88,amethyst_block,Block of Amethyst,64
89,budding_amethyst,Budding Amethyst,64
90,iron_block,Block of Iron,64
91,copper_block,Block of Copper,64
92,gold_block,Block of Gold,64
93,diamond_block,Block of Diamond,64
94,netherite_block,Block of Netherite,64
95,exposed_copper,Exposed Copper,64
96,weathered_copper,Weathered Copper,64
97,oxidized_copper,Oxidized Copper,64
98,chiseled_copper,Chiseled Copper,64
99,exposed_chiseled_copper,Exposed Chiseled Copper,64
100,weathered_chiseled_copper,Weathered Chiseled Copper,64
101,oxidized_chiseled_copper,Oxidized Chiseled Copper,64
102,cut_copper,Cut Copper,64
103,exposed_cut_copper,Exposed Cut Copper,64
104,weathered_cut_copper,Weathered Cut Copper,64
105,oxidized_cut_copper,Oxidized Cut Copper,64
106,cut_copper_stairs,Cut Copper Stairs,64
107,exposed_cut_copper_stairs,Exposed Cut Copper Stairs,64
108,weathered_cut_copper_stairs,Weathered Cut Copper Stairs,64
109,oxidized_cut_copper_stairs,Oxidized Cut Copper Stairs,64
110,cut_copper_slab,Cut Copper Slab,64
111,exposed_cut_copper_slab,Exposed Cut Copper Slab,64
112,weathered_cut_copper_slab,Weathered Cut Copper Slab,64
113,oxidized_cut_copper_slab,Oxidized Cut Copper Slab,64
114,waxed_copper_block,Waxed Block of Copper,64
115,waxed_exposed_copper,Waxed Exposed Copper,64
116,waxed_weathered_copper,Waxed Weathered Copper,64
117,waxed_oxidized_copper,Waxed Oxidized Copper,64
118,waxed_chiseled_copper,Waxed Chiseled Copper,64
119,waxed_exposed_chiseled_copper,Waxed Exposed Chiseled Copper,64
120,waxed_weathered_chiseled_copper,Waxed Weathered Chiseled Copper,64
121,waxed_oxidized_chiseled_copper,Waxed Oxidized Chiseled Copper,64
122,waxed_cut_copper,Waxed Cut Copper,64
123,waxed_exposed_cut_copper,Waxed Exposed Cut Copper,64
124,waxed_weathered_cut_copper,Waxed Weathered Cut Copper,64
125,waxed_oxidized_cut_copper,Waxed Oxidized Cut Copper,64
126,waxed_cut_copper_stairs,Waxed Cut Copper Stairs,64
127,waxed_exposed_cut_copper_stairs,Waxed Exposed Cut Copper Stairs,64
128,waxed_weathered_cut_copper_stairs,Waxed Weathered Cut Copper Stairs,64
129,waxed_oxidized_cut_copper_stairs,Waxed Oxidized Cut Copper Stairs,64
130,waxed_cut_copper_slab,Waxed Cut Copper Slab,64
131,waxed_exposed_cut_copper_slab,Waxed Exposed Cut Copper Slab,64
132,waxed_weathered_cut_copper_slab,Waxed Weathered Cut Copper Slab,64
133,waxed_oxidized_cut_copper_slab,Waxed Oxidized Cut Copper Slab,64
134,oak_log,Oak Log,64
135,spruce_log,Spruce Log,64
136,birch_log,Birch Log,64
137,jungle_log,Jungle Log,64
138,acacia_log,Acacia Log,64
139,cherry_log,Cherry Log,64
140,pale_oak_log,Pale Oak Log,64
141,dark_oak_log,Dark Oak Log,64
142,mangrove_log,Mangrove Log,64
143,mangrove_roots,Mangrove Roots,64
144,muddy_mangrove_roots,Muddy Mangrove Roots,64
145,crimson_stem,Crimson Stem,64
146,warped_stem,Warped Stem,64
147,bamboo_block,Block of Bamboo,64
148,stripped_oak_log,Stripped Oak Log,64
149,stripped_spruce_log,Stripped Spruce Log,64
150,stripped_birch_log,Stripped Birch Log,64
151,stripped_jungle_log,Stripped Jungle Log,64
152,stripped_acacia_log,Stripped Acacia Log,64
153,stripped_cherry_log,Stripped Cherry Log,64
154,stripped_dark_oak_log,Stripped Dark Oak Log,64
155,stripped_pale_oak_log,Stripped Pale Oak Log,64
156,stripped_mangrove_log,Stripped Mangrove Log,64
157,stripped_crimson_stem,Stripped Crimson Stem,64
158,stripped_warped_stem,Stripped Warped Stem,64
159,stripped_oak_wood,Stripped Oak Wood,64
160,stripped_spruce_wood,Stripped Spruce Wood,64
161,stripped_birch_wood,Stripped Birch Wood,64
162,stripped_jungle_wood,Stripped Jungle Wood,64
163,stripped_acacia_wood,Stripped Acacia Wood,64
164,stripped_cherry_wood,Stripped Cherry Wood,64
165,stripped_dark_oak_wood,Stripped Dark Oak Wood,64
166,stripped_pale_oak_wood,Stripped Pale Oak Wood,64
167,stripped_mangrove_wood,Stripped Mangrove Wood,64
168,stripped_crimson_hyphae,Stripped Crimson Hyphae,64
169,stripped_warped_hyphae,Stripped Warped Hyphae,64
170,stripped_bamboo_block,Block of Stripped Bamboo,64
171,oak_wood,Oak Wood,64
172,spruce_wood,Spruce Wood,64
173,birch_wood,Birch Wood,64
174,jungle_wood,Jungle Wood,64
175,acacia_wood,Acacia Wood,64
176,cherry_wood,Cherry Wood,64
177,pale_oak_wood,Pale Oak Wood,64
178,dark_oak_wood,Dark Oak Wood,64
179,mangrove_wood,Mangrove Wood,64
180,crimson_hyphae,Crimson Hyphae,64
181,warped_hyphae,Warped Hyphae,64
182,oak_leaves,Oak Leaves,64
183,spruce_leaves,Spruce Leaves,64
184,birch_leaves,Birch Leaves,64
185,jungle_leaves,Jungle Leaves,64
186,acacia_leaves,Acacia Leaves,64
187,cherry_leaves,Cherry Leaves,64
188,dark_oak_leaves,Dark Oak Leaves,64
189,pale_oak_leaves,Pale Oak Leaves,64
190,mangrove_leaves,Mangrove Leaves,64
191,azalea_leaves,Azalea Leaves,64
192,flowering_azalea_leaves,Flowering Azalea Leaves,64
193,sponge,Sponge,64
194,wet_sponge,Wet Sponge,64
195,glass,Glass,64
196,tinted_glass,Tinted Glass,64
197,lapis_block,Block of Lapis Lazuli,64
198,sandstone,Sandstone,64
199,chiseled_sandstone,Chiseled Sandstone,64
200,cut_sandstone,Cut Sandstone,64
201,cobweb,Cobweb,64
202,short_grass,Short Grass,64
203,fern,Fern,64
204,bush,Bush,64
205,azalea,Azalea,64
206,flowering_azalea,Flowering Azalea,64
207,dead_bush,Dead Bush,64
208,firefly_bush,Firefly Bush,64
209,short_dry_grass,Short Dry Grass,64
210,tall_dry_grass,Tall Dry Grass,64
211,seagrass,Seagrass,64
212,sea_pickle,Sea Pickle,64
213,white_wool,White Wool,64
214,orange_wool,Orange Wool,64
215,magenta_wool,Magenta Wool,64
216,light_blue_wool,Light Blue Wool,64
217,yellow_wool,Yellow Wool,64
218,lime_wool,Lime Wool,64
219,pink_wool,Pink Wool,64
220,gray_wool,Gray Wool,64
221,light_gray_wool,Light Gray Wool,64
222,cyan_wool,Cyan Wool,64
223,purple_wool,Purple Wool,64
224,blue_wool,Blue Wool,64
225,brown_wool,Brown Wool,64
226,green_wool,Green Wool,64
227,red_wool,Red Wool,64
228,black_wool,Black Wool,64
229,dandelion,Dandelion,64
230,open_eyeblossom,Open Eyeblossom,64
231,closed_eyeblossom,Closed Eyeblossom,64
232,poppy,Poppy,64
233,blue_orchid,Blue Orchid,64
234,allium,Allium,64
235,azure_bluet,Azure Bluet,64
236,red_tulip,Red Tulip,64
237,orange_tulip,Orange Tulip,64
238,white_tulip,White Tulip,64
239,pink_tulip,Pink Tulip,64
240,oxeye_daisy,Oxeye Daisy,64
241,cornflower,Cornflower,64
242,lily_of_the_valley,Lily of the Valley,64
243,wither_rose,Wither Rose,64
244,torchflower,Torchflower,64
245,pitcher_plant,Pitcher Plant,64
246,spore_blossom,Spore Blossom,64
247,brown_mushroom,Brown Mushroom,64
248,red_mushroom,Red Mushroom,64
249,crimson_fungus,Crimson Fungus,64
250,warped_fungus,Warped Fungus,64
251,crimson_roots,Crimson Roots,64
252,warped_roots,Warped Roots,64
253,nether_sprouts,Nether Sprouts,64
254,weeping_vines,Weeping Vines,64
255,twisting_vines,Twisting Vines,64
256,sugar_cane,Sugar Cane,64
257,kelp,Kelp,64
258,pink_petals,Pink Petals,64
259,wildflowers,Wildflowers,64
260,leaf_litter,Leaf Litter,64
261,moss_carpet,Moss Carpet,64
262,moss_block,Moss Block,64
263,pale_moss_carpet,Pale Moss Carpet,64
264,pale_hanging_moss,Pale Hanging Moss,64
265,pale_moss_block,Pale Moss Block,64
266,hanging_roots,Hanging Roots,64
267,big_dripleaf,Big Dripleaf,64
268,small_dripleaf,Small Dripleaf,64
269,bamboo,Bamboo,64
270,oak_slab,Oak Slab,64
271,spruce_slab,Spruce Slab,64
272,birch_slab,Birch Slab,64
273,jungle_slab,Jungle Slab,64
274,acacia_slab,Acacia Slab,64
275,cherry_slab,Cherry Slab,64
276,dark_oak_slab,Dark Oak Slab,64
277,pale_oak_slab,Pale Oak Slab,64
278,mangrove_slab,Mangrove Slab,64
279,bamboo_slab,Bamboo Slab,64
280,bamboo_mosaic_slab,Bamboo Mosaic Slab,64
281,crimson_slab,Crimson Slab,64
282,warped_slab,Warped Slab,64
283,stone_slab,Stone Slab,64
284,smooth_stone_slab,Smooth Stone Slab,64
285,sandstone_slab,Sandstone Slab,64
286,cut_sandstone_slab,Cut Sandstone Slab,64
287,petrified_oak_slab,Petrified Oak Slab,64
288,cobblestone_slab,Cobblestone Slab,64
289,brick_slab,Brick Slab,64
290,stone_brick_slab,Stone Brick Slab,64
291,mud_brick_slab,Mud Brick Slab,64
292,nether_brick_slab,Nether Brick Slab,64
293,quartz_slab,Quartz Slab,64
294,red_sandstone_slab,Red Sandstone Slab,64
295,cut_red_sandstone_slab,Cut Red Sandstone Slab,64
296,purpur_slab,Purpur Slab,64
297,prismarine_slab,Prismarine Slab,64
298,prismarine_brick_slab,Prismarine Brick Slab,64
299,dark_prismarine_slab,Dark Prismarine Slab,64
300,smooth_quartz,Smooth Quartz Block,64
301,smooth_red_sandstone,Smooth Red Sandstone,64
302,smooth_sandstone,Smooth Sandstone,64
303,smooth_stone,Smooth Stone,64
304,bricks,Bricks,64
305,acacia_shelf,Acacia Shelf,64
306,bamboo_shelf,Bamboo Shelf,64
307,birch_shelf,Birch Shelf,64
308,cherry_shelf,Cherry Shelf,64
309,crimson_shelf,Crimson Shelf,64
310,dark_oak_shelf,Dark Oak Shelf,64
311,jungle_shelf,Jungle Shelf,64
312,mangrove_shelf,Mangrove Shelf,64
313,oak_shelf,Oak Shelf,64
314,pale_oak_shelf,Pale Oak Shelf,64
315,spruce_shelf,Spruce Shelf,64
316,warped_shelf,Warped Shelf,64
317,bookshelf,Bookshelf,64
318,chiseled_bookshelf,Chiseled Bookshelf,64
319,decorated_pot,Decorated Pot,64
320,mossy_cobblestone,Mossy Cobblestone,64
321,obsidian,Obsidian,64
322,torch,Torch,64
323,end_rod,End Rod,64
324,chorus_plant,Chorus Plant,64
325,chorus_flower,Chorus Flower,64
326,purpur_block,Purpur Block,64
327,purpur_pillar,Purpur Pillar,64
328,purpur_stairs,Purpur Stairs,64
329,spawner,Monster Spawner,64
330,creaking_heart,Creaking Heart,64
331,chest,Chest,64
332,crafting_table,Crafting Table,64
333,farmland,Farmland,64
334,furnace,Furnace,64
335,ladder,Ladder,64
336,cobblestone_stairs,Cobblestone Stairs,64
337,snow,Snow,64
338,ice,Ice,64
339,snow_block,Snow Block,64
340,cactus,Cactus,64
341,cactus_flower,Cactus Flower,64
342,clay,Clay,64
343,jukebox,Jukebox,64
344,oak_fence,Oak Fence,64
345,spruce_fence,Spruce Fence,64
346,birch_fence,Birch Fence,64
347,jungle_fence,Jungle Fence,64
348,acacia_fence,Acacia Fence,64
349,cherry_fence,Cherry Fence,64
350,dark_oak_fence,Dark Oak Fence,64
351,pale_oak_fence,Pale Oak Fence,64
352,mangrove_fence,Mangrove Fence,64
353,bamboo_fence,Bamboo Fence,64
354,crimson_fence,Crimson Fence,64
355,warped_fence,Warped Fence,64
356,pumpkin,Pumpkin,64
357,carved_pumpkin,Carved Pumpkin,64
358,jack_o_lantern,Jack o'Lantern,64
359,netherrack,Netherrack,64
360,soul_sand,Soul Sand,64
361,soul_soil,Soul Soil,64
362,basalt,Basalt,64
363,polished_basalt,Polished Basalt,64
364,smooth_basalt,Smooth Basalt,64
365,soul_torch,Soul Torch,64
366,copper_torch,Copper Torch,64
367,glowstone,Glowstone,64
368,infested_stone,Infested Stone,64
369,infested_cobblestone,Infested Cobblestone,64
370,infested_stone_bricks,Infested Stone Bricks,64
371,infested_mossy_stone_bricks,Infested Mossy Stone Bricks,64
372,infested_cracked_stone_bricks,Infested Cracked Stone Bricks,64
373,infested_chiseled_stone_bricks,Infested Chiseled Stone Bricks,64
374,infested_deepslate,Infested Deepslate,64
375,stone_bricks,Stone Bricks,64
376,mossy_stone_bricks,Mossy Stone Bricks,64
377,cracked_stone_bricks,Cracked Stone Bricks,64
378,chiseled_stone_bricks,Chiseled Stone Bricks,64
379,packed_mud,Packed Mud,64
380,mud_bricks,Mud Bricks,64
381,deepslate_bricks,Deepslate Bricks,64
382,cracked_deepslate_bricks,Cracked Deepslate Bricks,64
383,deepslate_tiles,Deepslate Tiles,64
384,cracked_deepslate_tiles,Cracked Deepslate Tiles,64
385,chiseled_deepslate,Chiseled Deepslate,64
386,reinforced_deepslate,Reinforced Deepslate,64
387,brown_mushroom_block,Brown Mushroom Block,64
388,red_mushroom_block,Red Mushroom Block,64
389,mushroom_stem,Mushroom Stem,64
390,iron_bars,Iron Bars,64
391,copper_bars,Copper Bars,64
392,exposed_copper_bars,Exposed Copper Bars,64
393,weathered_copper_bars,Weathered Copper Bars,64
394,oxidized_copper_bars,Oxidized Copper Bars,64
395,waxed_copper_bars,Waxed Copper Bars,64
396,waxed_exposed_copper_bars,Waxed Exposed Copper Bars,64
397,waxed_weathered_copper_bars,Waxed Weathered Copper Bars,64
398,waxed_oxidized_copper_bars,Waxed Oxidized Copper Bars,64
399,iron_chain,Iron Chain,64
400,copper_chain,Copper Chain,64
401,exposed_copper_chain,Exposed Copper Chain,64
402,weathered_copper_chain,Weathered Copper Chain,64
403,oxidized_copper_chain,Oxidized Copper Chain,64
404,waxed_copper_chain,Waxed Copper Chain,64
405,waxed_exposed_copper_chain,Waxed Exposed Copper Chain,64
406,waxed_weathered_copper_chain,Waxed Weathered Copper Chain,64
407,waxed_oxidized_copper_chain,Waxed Oxidized Copper Chain,64
408,glass_pane,Glass Pane,64
409,melon,Melon,64
410,vine,Vines,64
411,glow_lichen,Glow Lichen,64
412,resin_clump,Resin Clump,64
413,resin_block,Block of Resin,64
414,resin_bricks,Resin Bricks,64
415,resin_brick_stairs,Resin Brick Stairs,64
416,resin_brick_slab,Resin Brick Slab,64
417,resin_brick_wall,Resin Brick Wall,64
418,chiseled_resin_bricks,Chiseled Resin Bricks,64
419,brick_stairs,Brick Stairs,64
420,stone_brick_stairs,Stone Brick Stairs,64
421,mud_brick_stairs,Mud Brick Stairs,64
422,mycelium,Mycelium,64
423,lily_pad,Lily Pad,64
424,nether_bricks,Nether Bricks,64
425,cracked_nether_bricks,Cracked Nether Bricks,64
426,chiseled_nether_bricks,Chiseled Nether Bricks,64
427,nether_brick_fence,Nether Brick Fence,64
428,nether_brick_stairs,Nether Brick Stairs,64
429,sculk,Sculk,64
430,sculk_vein,Sculk Vein,64
431,sculk_catalyst,Sculk Catalyst,64
432,sculk_shrieker,Sculk Shrieker,64
433,enchanting_table,Enchanting Table,64
434,end_portal_frame,End Portal Frame,64
435,end_stone,End Stone,64
436,end_stone_bricks,End Stone Bricks,64
437,dragon_egg,Dragon Egg,64
438,sandstone_stairs,Sandstone Stairs,64
439,ender_chest,Ender Chest,64
440,emerald_block,Block of Emerald,64
441,oak_stairs,Oak Stairs,64
442,spruce_stairs,Spruce Stairs,64
443,birch_stairs,Birch Stairs,64
444,jungle_stairs,Jungle Stairs,64
445,acacia_stairs,Acacia Stairs,64
446,cherry_stairs,Cherry Stairs,64
447,dark_oak_stairs,Dark Oak Stairs,64
448,pale_oak_stairs,Pale Oak Stairs,64
449,mangrove_stairs,Mangrove Stairs,64
450,bamboo_stairs,Bamboo Stairs,64
451,bamboo_mosaic_stairs,Bamboo Mosaic Stairs,64
452,crimson_stairs,Crimson Stairs,64
453,warped_stairs,Warped Stairs,64
454,command_block,Command Block,64
455,beacon,Beacon,64
456,cobblestone_wall,Cobblestone Wall,64
457,mossy_cobblestone_wall,Mossy Cobblestone Wall,64
458,brick_wall,Brick Wall,64
459,prismarine_wall,Prismarine Wall,64
460,red_sandstone_wall,Red Sandstone Wall,64
461,mossy_stone_brick_wall,Mossy Stone Brick Wall,64
462,granite_wall,Granite Wall,64
463,stone_brick_wall,Stone Brick Wall,64
464,mud_brick_wall,Mud Brick Wall,64
465,nether_brick_wall,Nether Brick Wall,64
466,andesite_wall,Andesite Wall,64
467,red_nether_brick_wall,Red Nether Brick Wall,64
468,sandstone_wall,Sandstone Wall,64
469,end_stone_brick_wall,End Stone Brick Wall,64
470,diorite_wall,Diorite Wall,64
471,blackstone_wall,Blackstone Wall,64
472,polished_blackstone_wall,Polished Blackstone Wall,64
473,polished_blackstone_brick_wall,Polished Blackstone Brick Wall,64
474,cobbled_deepslate_wall,Cobbled Deepslate Wall,64
475,polished_deepslate_wall,Polished Deepslate Wall,64
476,deepslate_brick_wall,Deepslate Brick Wall,64
477,deepslate_tile_wall,Deepslate Tile Wall,64
478,anvil,Anvil,64
479,chipped_anvil,Chipped Anvil,64
480,damaged_anvil,Damaged Anvil,64
481,chiseled_quartz_block,Chiseled Quartz Block,64
482,quartz_block,Block of Quartz,64
483,quartz_bricks,Quartz Bricks,64
484,quartz_pillar,Quartz Pillar,64
485,quartz_stairs,Quartz Stairs,64
486,white_terracotta,White Terracotta,64
487,orange_terracotta,Orange Terracotta,64
488,magenta_terracotta,Magenta Terracotta,64
489,light_blue_terracotta,Light Blue Terracotta,64
490,yellow_terracotta,Yellow Terracotta,64
491,lime_terracotta,Lime Terracotta,64
492,pink_terracotta,Pink Terracotta,64
493,gray_terracotta,Gray Terracotta,64
494,light_gray_terracotta,Light Gray Terracotta,64
495,cyan_terracotta,Cyan Terracotta,64
496,purple_terracotta,Purple Terracotta,64
497,blue_terracotta,Blue Terracotta,64
498,brown_terracotta,Brown Terracotta,64
499,green_terracotta,Green Terracotta,64
500,red_terracotta,Red Terracotta,64
501,black_terracotta,Black Terracotta,64
502,barrier,Barrier,64
503,light,Light,64
504,hay_block,Hay Bale,64
505,white_carpet,White Carpet,64
506,orange_carpet,Orange Carpet,64
507,magenta_carpet,Magenta Carpet,64
508,light_blue_carpet,Light Blue Carpet,64
509,yellow_carpet,Yellow Carpet,64
510,lime_carpet,Lime Carpet,64
511,pink_carpet,Pink Carpet,64
512,gray_carpet,Gray Carpet,64
513,light_gray_carpet,Light Gray Carpet,64
514,cyan_carpet,Cyan Carpet,64
515,purple_carpet,Purple Carpet,64
516,blue_carpet,Blue Carpet,64
517,brown_carpet,Brown Carpet,64
518,green_carpet,Green Carpet,64
519,red_carpet,Red Carpet,64
520,black_carpet,Black Carpet,64
521,terracotta,Terracotta,64
522,packed_ice,Packed Ice,64
523,dirt_path,Dirt Path,64
524,sunflower,Sunflower,64
525,lilac,Lilac,64
526,rose_bush,Rose Bush,64
527,peony,Peony,64
528,tall_grass,Tall Grass,64
529,large_fern,Large Fern,64
530,white_stained_glass,White Stained Glass,64
531,orange_stained_glass,Orange Stained Glass,64
532,magenta_stained_glass,Magenta Stained Glass,64
533,light_blue_stained_glass,Light Blue Stained Glass,64
534,yellow_stained_glass,Yellow Stained Glass,64
535,lime_stained_glass,Lime Stained Glass,64
536,pink_stained_glass,Pink Stained Glass,64
537,gray_stained_glass,Gray Stained Glass,64
538,light_gray_stained_glass,Light Gray Stained Glass,64
539,cyan_stained_glass,Cyan Stained Glass,64
540,purple_stained_glass,Purple Stained Glass,64
541,blue_stained_glass,Blue Stained Glass,64
542,brown_stained_glass,Brown Stained Glass,64
543,green_stained_glass,Green Stained Glass,64
544,red_stained_glass,Red Stained Glass,64
545,black_stained_glass,Black Stained Glass,64
546,white_stained_glass_pane,White Stained Glass Pane,64
547,orange_stained_glass_pane,Orange Stained Glass Pane,64
548,magenta_stained_glass_pane,Magenta Stained Glass Pane,64
549,light_blue_stained_glass_pane,Light Blue Stained Glass Pane,64
550,yellow_stained_glass_pane,Yellow Stained Glass Pane,64
551,lime_stained_glass_pane,Lime Stained Glass Pane,64
552,pink_stained_glass_pane,Pink Stained Glass Pane,64
553,gray_stained_glass_pane,Gray Stained Glass Pane,64
554,light_gray_stained_glass_pane,Light Gray Stained Glass Pane,64
555,cyan_stained_glass_pane,Cyan Stained Glass Pane,64
556,purple_stained_glass_pane,Purple Stained Glass Pane,64
557,blue_stained_glass_pane,Blue Stained Glass Pane,64
558,brown_stained_glass_pane,Brown Stained Glass Pane,64
559,green_stained_glass_pane,Green Stained Glass Pane,64
560,red_stained_glass_pane,Red Stained Glass Pane,64
561,black_stained_glass_pane,Black Stained Glass Pane,64
562,prismarine,Prismarine,64
563,prismarine_bricks,Prismarine Bricks,64
564,dark_prismarine,Dark Prismarine,64
565,prismarine_stairs,Prismarine Stairs,64
566,prismarine_brick_stairs,Prismarine Brick Stairs,64
567,dark_prismarine_stairs,Dark Prismarine Stairs,64
568,sea_lantern,Sea Lantern,64
569,red_sandstone,Red Sandstone,64
570,chiseled_red_sandstone,Chiseled Red Sandstone,64
571,cut_red_sandstone,Cut Red Sandstone,64
572,red_sandstone_stairs,Red Sandstone Stairs,64
573,repeating_command_block,Repeating Command Block,64
574,chain_command_block,Chain Command Block,64
575,magma_block,Magma Block,64
576,nether_wart_block,Nether Wart Block,64
577,warped_wart_block,Warped Wart Block,64
578,red_nether_bricks,Red Nether Bricks,64
579,bone_block,Bone Block,64
580,structure_void,Structure Void,64
581,shulker_box,Shulker Box,1
582,white_shulker_box,White Shulker Box,1
583,orange_shulker_box,Orange Shulker Box,1
584,magenta_shulker_box,Magenta Shulker Box,1
585,light_blue_shulker_box,Light Blue Shulker Box,1
586,yellow_shulker_box,Yellow Shulker Box,1
587,lime_shulker_box,Lime Shulker Box,1
588,pink_shulker_box,Pink Shulker Box,1
589,gray_shulker_box,Gray Shulker Box,1
590,light_gray_shulker_box,Light Gray Shulker Box,1
591,cyan_shulker_box,Cyan Shulker Box,1
592,purple_shulker_box,Purple Shulker Box,1
593,blue_shulker_box,Blue Shulker Box,1
594,brown_shulker_box,Brown Shulker Box,1
595,green_shulker_box,Green Shulker Box,1
596,red_shulker_box,Red Shulker Box,1
597,black_shulker_box,Black Shulker Box,1
598,white_glazed_terracotta,White Glazed Terracotta,64
599,orange_glazed_terracotta,Orange Glazed Terracotta,64
600,magenta_glazed_terracotta,Magenta Glazed Terracotta,64
601,light_blue_glazed_terracotta,Light Blue Glazed Terracotta,64
602,yellow_glazed_terracotta,Yellow Glazed Terracotta,64
603,lime_glazed_terracotta,Lime Glazed Terracotta,64
604,pink_glazed_terracotta,Pink Glazed Terracotta,64
605,gray_glazed_terracotta,Gray Glazed Terracotta,64
606,light_gray_glazed_terracotta,Light Gray Glazed Terracotta,64
607,cyan_glazed_terracotta,Cyan Glazed Terracotta,64
608,purple_glazed_terracotta,Purple Glazed Terracotta,64
609,blue_glazed_terracotta,Blue Glazed Terracotta,64
610,brown_glazed_terracotta,Brown Glazed Terracotta,64
611,green_glazed_terracotta,Green Glazed Terracotta,64
612,red_glazed_terracotta,Red Glazed Terracotta,64
613,black_glazed_terracotta,Black Glazed Terracotta,64
614,white_concrete,White Concrete,64
615,orange_concrete,Orange Concrete,64
616,magenta_concrete,Magenta Concrete,64
617,light_blue_concrete,Light Blue Concrete,64
618,yellow_concrete,Yellow Concrete,64
619,lime_concrete,Lime Concrete,64
620,pink_concrete,Pink Concrete,64
621,gray_concrete,Gray Concrete,64
622,light_gray_concrete,Light Gray Concrete,64
623,cyan_concrete,Cyan Concrete,64
624,purple_concrete,Purple Concrete,64
625,blue_concrete,Blue Concrete,64
626,brown_concrete,Brown Concrete,64
627,green_concrete,Green Concrete,64
628,red_concrete,Red Concrete,64
629,black_concrete,Black Concrete,64
630,white_concrete_powder,White Concrete Powder,64
631,orange_concrete_powder,Orange Concrete Powder,64
632,magenta_concrete_powder,Magenta Concrete Powder,64
633,light_blue_concrete_powder,Light Blue Concrete Powder,64
634,yellow_concrete_powder,Yellow Concrete Powder,64
635,lime_concrete_powder,Lime Concrete Powder,64
636,pink_concrete_powder,Pink Concrete Powder,64
637,gray_concrete_powder,Gray Concrete Powder,64
638,light_gray_concrete_powder,Light Gray Concrete Powder,64
639,cyan_concrete_powder,Cyan Concrete Powder,64
640,purple_concrete_powder,Purple Concrete Powder,64
641,blue_concrete_powder,Blue Concrete Powder,64
642,brown_concrete_powder,Brown Concrete Powder,64
643,green_concrete_powder,Green Concrete Powder,64
644,red_concrete_powder,Red Concrete Powder,64
645,black_concrete_powder,Black Concrete Powder,64
646,turtle_egg,Turtle Egg,64
647,sniffer_egg,Sniffer Egg,64
648,dried_ghast,Dried Ghast,64
649,dead_tube_coral_block,Dead Tube Coral Block,64
650,dead_brain_coral_block,Dead Brain Coral Block,64
651,dead_bubble_coral_block,Dead Bubble Coral Block,64
652,dead_fire_coral_block,Dead Fire Coral Block,64
653,dead_horn_coral_block,Dead Horn Coral Block,64
654,tube_coral_block,Tube Coral Block,64
655,brain_coral_block,Brain Coral Block,64
656,bubble_coral_block,Bubble Coral Block,64
657,fire_coral_block,Fire Coral Block,64
658,horn_coral_block,Horn Coral Block,64
659,tube_coral,Tube Coral,64
660,brain_coral,Brain Coral,64
661,bubble_coral,Bubble Coral,64
662,fire_coral,Fire Coral,64
663,horn_coral,Horn Coral,64
664,dead_brain_coral,Dead Brain Coral,64
665,dead_bubble_coral,Dead Bubble Coral,64
666,dead_fire_coral,Dead Fire Coral,64
667,dead_horn_coral,Dead Horn Coral,64
668,dead_tube_coral,Dead Tube Coral,64
669,tube_coral_fan,Tube Coral Fan,64
670,brain_coral_fan,Brain Coral Fan,64
671,bubble_coral_fan,Bubble Coral Fan,64
672,fire_coral_fan,Fire Coral Fan,64
673,horn_coral_fan,Horn Coral Fan,64
674,dead_tube_coral_fan,Dead Tube Coral Fan,64
675,dead_brain_coral_fan,Dead Brain Coral Fan,64
676,dead_bubble_coral_fan,Dead Bubble Coral Fan,64
677,dead_fire_coral_fan,Dead Fire Coral Fan,64
678,dead_horn_coral_fan,Dead Horn Coral Fan,64
679,blue_ice,Blue Ice,64
680,conduit,Conduit,64
681,polished_granite_stairs,Polished Granite Stairs,64
682,smooth_red_sandstone_stairs,Smooth Red Sandstone Stairs,64
683,mossy_stone_brick_stairs,Mossy Stone Brick Stairs,64
684,polished_diorite_stairs,Polished Diorite Stairs,64
685,mossy_cobblestone_stairs,Mossy Cobblestone Stairs,64
686,end_stone_brick_stairs,End Stone Brick Stairs,64
687,stone_stairs,Stone Stairs,64
688,smooth_sandstone_stairs,Smooth Sandstone Stairs,64
689,smooth_quartz_stairs,Smooth Quartz Stairs,64
690,granite_stairs,Granite Stairs,64
691,andesite_stairs,Andesite Stairs,64
692,red_nether_brick_stairs,Red Nether Brick Stairs,64
693,polished_andesite_stairs,Polished Andesite Stairs,64
694,diorite_stairs,Diorite Stairs,64
695,cobbled_deepslate_stairs,Cobbled Deepslate Stairs,64
696,polished_deepslate_stairs,Polished Deepslate Stairs,64
697,deepslate_brick_stairs,Deepslate Brick Stairs,64
698,deepslate_tile_stairs,Deepslate Tile Stairs,64
699,polished_granite_slab,Polished Granite Slab,64
700,smooth_red_sandstone_slab,Smooth Red Sandstone Slab,64
701,mossy_stone_brick_slab,Mossy Stone Brick Slab,64
702,polished_diorite_slab,Polished Diorite Slab,64
703,mossy_cobblestone_slab,Mossy Cobblestone Slab,64
704,end_stone_brick_slab,End Stone Brick Slab,64
705,smooth_sandstone_slab,Smooth Sandstone Slab,64
706,smooth_quartz_slab,Smooth Quartz Slab,64
707,granite_slab,Granite Slab,64
708,andesite_slab,Andesite Slab,64
709,red_nether_brick_slab,Red Nether Brick Slab,64
710,polished_andesite_slab,Polished Andesite Slab,64
711,diorite_slab,Diorite Slab,64
712,cobbled_deepslate_slab,Cobbled Deepslate Slab,64
713,polished_deepslate_slab,Polished Deepslate Slab,64
714,deepslate_brick_slab,Deepslate Brick Slab,64
715,deepslate_tile_slab,Deepslate Tile Slab,64
716,scaffolding,Scaffolding,64
717,redstone,Redstone Dust,64
718,redstone_torch,Redstone Torch,64
719,redstone_block,Block of Redstone,64
720,repeater,Redstone Repeater,64
721,comparator,Redstone Comparator,64
722,piston,Piston,64
723,sticky_piston,Sticky Piston,64
724,slime_block,Slime Block,64
725,honey_block,Honey Block,64
726,observer,Observer,64
727,hopper,Hopper,64
728,dispenser,Dispenser,64
729,dropper,Dropper,64
730,lectern,Lectern,64
731,target,Target,64
732,lever,Lever,64
733,lightning_rod,Lightning Rod,64
734,exposed_lightning_rod,Exposed Lightning Rod,64
735,weathered_lightning_rod,Weathered Lightning Rod,64
736,oxidized_lightning_rod,Oxidized Lightning Rod,64
737,waxed_lightning_rod,Waxed Lightning Rod,64
738,waxed_exposed_lightning_rod,Waxed Exposed Lightning Rod,64
739,waxed_weathered_lightning_rod,Waxed Weathered Lightning Rod,64
740,waxed_oxidized_lightning_rod,Waxed Oxidized Lightning Rod,64
741,daylight_detector,Daylight Detector,64
742,sculk_sensor,Sculk Sensor,64
743,calibrated_sculk_sensor,Calibrated Sculk Sensor,64
744,tripwire_hook,Tripwire Hook,64
745,trapped_chest,Trapped Chest,64
746,tnt,TNT,64
747,redstone_lamp,Redstone Lamp,64
748,note_block,Note Block,64
749,stone_button,Stone Button,64
750,polished_blackstone_button,Polished Blackstone Button,64
751,oak_button,Oak Button,64
752,spruce_button,Spruce Button,64
753,birch_button,Birch Button,64
754,jungle_button,Jungle Button,64
755,acacia_button,Acacia Button,64
756,cherry_button,Cherry Button,64
757,dark_oak_button,Dark Oak Button,64
758,pale_oak_button,Pale Oak Button,64
759,mangrove_button,Mangrove Button,64
760,bamboo_button,Bamboo Button,64
761,crimson_button,Crimson Button,64
762,warped_button,Warped Button,64
763,stone_pressure_plate,Stone Pressure Plate,64
764,polished_blackstone_pressure_plate,Polished Blackstone Pressure Plate,64
765,light_weighted_pressure_plate,Light Weighted Pressure Plate,64
766,heavy_weighted_pressure_plate,Heavy Weighted Pressure Plate,64
767,oak_pressure_plate,Oak Pressure Plate,64
768,spruce_pressure_plate,Spruce Pressure Plate,64
769,birch_pressure_plate,Birch Pressure Plate,64
770,jungle_pressure_plate,Jungle Pressure Plate,64
771,acacia_pressure_plate,Acacia Pressure Plate,64
772,cherry_pressure_plate,Cherry Pressure Plate,64
773,dark_oak_pressure_plate,Dark Oak Pressure Plate,64
774,pale_oak_pressure_plate,Pale Oak Pressure Plate,64
775,mangrove_pressure_plate,Mangrove Pressure Plate,64
776,bamboo_pressure_plate,Bamboo Pressure Plate,64
777,crimson_pressure_plate,Crimson Pressure Plate,64
778,warped_pressure_plate,Warped Pressure Plate,64
779,iron_door,Iron Door,64
780,oak_door,Oak Door,64
781,spruce_door,Spruce Door,64
782,birch_door,Birch Door,64
783,jungle_door,Jungle Door,64
784,acacia_door,Acacia Door,64
785,cherry_door,Cherry Door,64
786,dark_oak_door,Dark Oak Door,64
787,pale_oak_door,Pale Oak Door,64
788,mangrove_door,Mangrove Door,64
789,bamboo_door,Bamboo Door,64
790,crimson_door,Crimson Door,64
791,warped_door,Warped Door,64
792,copper_door,Copper Door,64
793,exposed_copper_door,Exposed Copper Door,64
794,weathered_copper_door,Weathered Copper Door,64
795,oxidized_copper_door,Oxidized Copper Door,64
796,waxed_copper_door,Waxed Copper Door,64
797,waxed_exposed_copper_door,Waxed Exposed Copper Door,64
798,waxed_weathered_copper_door,Waxed Weathered Copper Door,64
799,waxed_oxidized_copper_door,Waxed Oxidized Copper Door,64
800,iron_trapdoor,Iron Trapdoor,64
801,oak_trapdoor,Oak Trapdoor,64
802,spruce_trapdoor,Spruce Trapdoor,64
803,birch_trapdoor,Birch Trapdoor,64
804,jungle_trapdoor,Jungle Trapdoor,64
805,acacia_trapdoor,Acacia Trapdoor,64
806,cherry_trapdoor,Cherry Trapdoor,64
807,dark_oak_trapdoor,Dark Oak Trapdoor,64
808,pale_oak_trapdoor,Pale Oak Trapdoor,64
809,mangrove_trapdoor,Mangrove Trapdoor,64
810,bamboo_trapdoor,Bamboo Trapdoor,64
811,crimson_trapdoor,Crimson Trapdoor,64
812,warped_trapdoor,Warped Trapdoor,64
813,copper_trapdoor,Copper Trapdoor,64
814,exposed_copper_trapdoor,Exposed Copper Trapdoor,64
815,weathered_copper_trapdoor,Weathered Copper Trapdoor,64
816,oxidized_copper_trapdoor,Oxidized Copper Trapdoor,64
817,waxed_copper_trapdoor,Waxed Copper Trapdoor,64
818,waxed_exposed_copper_trapdoor,Waxed Exposed Copper Trapdoor,64
819,waxed_weathered_copper_trapdoor,Waxed Weathered Copper Trapdoor,64
820,waxed_oxidized_copper_trapdoor,Waxed Oxidized Copper Trapdoor,64
821,oak_fence_gate,Oak Fence Gate,64
822,spruce_fence_gate,Spruce Fence Gate,64
823,birch_fence_gate,Birch Fence Gate,64
824,jungle_fence_gate,Jungle Fence Gate,64
825,acacia_fence_gate,Acacia Fence Gate,64
826,cherry_fence_gate,Cherry Fence Gate,64
827,dark_oak_fence_gate,Dark Oak Fence Gate,64
828,pale_oak_fence_gate,Pale Oak Fence Gate,64
829,mangrove_fence_gate,Mangrove Fence Gate,64
830,bamboo_fence_gate,Bamboo Fence Gate,64
831,crimson_fence_gate,Crimson Fence Gate,64
832,warped_fence_gate,Warped Fence Gate,64
833,powered_rail,Powered Rail,64
834,detector_rail,Detector Rail,64
835,rail,Rail,64
836,activator_rail,Activator Rail,64
837,saddle,Saddle,1
838,white_harness,White Harness,1
839,orange_harness,Orange Harness,1
840,magenta_harness,Magenta Harness,1
841,light_blue_harness,Light Blue Harness,1
842,yellow_harness,Yellow Harness,1
843,lime_harness,Lime Harness,1
844,pink_harness,Pink Harness,1
845,gray_harness,Gray Harness,1
846,light_gray_harness,Light Gray Harness,1
847,cyan_harness,Cyan Harness,1
848,purple_harness,Purple Harness,1
849,blue_harness,Blue Harness,1
850,brown_harness,Brown Harness,1
851,green_harness,Green Harness,1
852,red_harness,Red Harness,1
853,black_harness,Black Harness,1
854,minecart,Minecart,1
855,chest_minecart,Minecart with Chest,1
856,furnace_minecart,Minecart with Furnace,1
857,tnt_minecart,Minecart with TNT,1
858,hopper_minecart,Minecart with Hopper,1
859,carrot_on_a_stick,Carrot on a Stick,1
860,warped_fungus_on_a_stick,Warped Fungus on a Stick,1
861,phantom_membrane,Phantom Membrane,64
862,elytra,Elytra,1
863,oak_boat,Oak Boat,1
864,oak_chest_boat,Oak Boat with Chest,1
865,spruce_boat,Spruce Boat,1
866,spruce_chest_boat,Spruce Boat with Chest,1
867,birch_boat,Birch Boat,1
868,birch_chest_boat,Birch Boat with Chest,1
869,jungle_boat,Jungle Boat,1
870,jungle_chest_boat,Jungle Boat with Chest,1
871,acacia_boat,Acacia Boat,1
872,acacia_chest_boat,Acacia Boat with Chest,1
873,cherry_boat,Cherry Boat,1
874,cherry_chest_boat,Cherry Boat with Chest,1
875,dark_oak_boat,Dark Oak Boat,1
876,dark_oak_chest_boat,Dark Oak Boat with Chest,1
877,pale_oak_boat,Pale Oak Boat,1
878,pale_oak_chest_boat,Pale Oak Boat with Chest,1
879,mangrove_boat,Mangrove Boat,1
880,mangrove_chest_boat,Mangrove Boat with Chest,1
881,bamboo_raft,Bamboo Raft,1
882,bamboo_chest_raft,Bamboo Raft with Chest,1
883,structure_block,Structure Block,64
884,jigsaw,Jigsaw Block,64
885,test_block,Test Block,64
886,test_instance_block,Test Instance Block,64
887,turtle_helmet,Turtle Shell,1
888,turtle_scute,Turtle Scute,64
889,armadillo_scute,Armadillo Scute,64
890,wolf_armor,Wolf Armor,1
891,flint_and_steel,Flint and Steel,1
892,bowl,Bowl,64
893,apple,Apple,64
894,bow,Bow,1
895,arrow,Arrow,64
896,coal,Coal,64
897,charcoal,Charcoal,64
898,diamond,Diamond,64
899,emerald,Emerald,64
900,lapis_lazuli,Lapis Lazuli,64
901,quartz,Nether Quartz,64
902,amethyst_shard,Amethyst Shard,64
903,raw_iron,Raw Iron,64
904,iron_ingot,Iron Ingot,64
905,raw_copper,Raw Copper,64
906,copper_ingot,Copper Ingot,64
907,raw_gold,Raw Gold,64
908,gold_ingot,Gold Ingot,64
909,netherite_ingot,Netherite Ingot,64
910,netherite_scrap,Netherite Scrap,64
911,wooden_sword,Wooden Sword,1
912,wooden_shovel,Wooden Shovel,1
913,wooden_pickaxe,Wooden Pickaxe,1
914,wooden_axe,Wooden Axe,1
915,wooden_hoe,Wooden Hoe,1
916,copper_sword,Copper Sword,1
917,copper_shovel,Copper Shovel,1
918,copper_pickaxe,Copper Pickaxe,1
919,copper_axe,Copper Axe,1
920,copper_hoe,Copper Hoe,1
921,stone_sword,Stone Sword,1
922,stone_shovel,Stone Shovel,1
923,stone_pickaxe,Stone Pickaxe,1
924,stone_axe,Stone Axe,1
925,stone_hoe,Stone Hoe,1
926,golden_sword,Golden Sword,1
927,golden_shovel,Golden Shovel,1
928,golden_pickaxe,Golden Pickaxe,1
929,golden_axe,Golden Axe,1
930,golden_hoe,Golden Hoe,1
931,iron_sword,Iron Sword,1
932,iron_shovel,Iron Shovel,1
933,iron_pickaxe,Iron Pickaxe,1
934,iron_axe,Iron Axe,1
935,iron_hoe,Iron Hoe,1
936,diamond_sword,Diamond Sword,1
937,diamond_shovel,Diamond Shovel,1
938,diamond_pickaxe,Diamond Pickaxe,1
939,diamond_axe,Diamond Axe,1
940,diamond_hoe,Diamond Hoe,1
941,netherite_sword,Netherite Sword,1
942,netherite_shovel,Netherite Shovel,1
943,netherite_pickaxe,Netherite Pickaxe,1
944,netherite_axe,Netherite Axe,1
945,netherite_hoe,Netherite Hoe,1
946,stick,Stick,64
947,mushroom_stew,Mushroom Stew,1
948,string,String,64
949,feather,Feather,64
950,gunpowder,Gunpowder,64
951,wheat_seeds,Wheat Seeds,64
952,wheat,Wheat,64
953,bread,Bread,64
954,leather_helmet,Leather Cap,1
955,leather_chestplate,Leather Tunic,1
956,leather_leggings,Leather Pants,1
957,leather_boots,Leather Boots,1
958,copper_helmet,Copper Helmet,1
959,copper_chestplate,Copper Chestplate,1
960,copper_leggings,Copper Leggings,1
961,copper_boots,Copper Boots,1
962,chainmail_helmet,Chainmail Helmet,1
963,chainmail_chestplate,Chainmail Chestplate,1
964,chainmail_leggings,Chainmail Leggings,1
965,chainmail_boots,Chainmail Boots,1
966,iron_helmet,Iron Helmet,1
967,iron_chestplate,Iron Chestplate,1
968,iron_leggings,Iron Leggings,1
969,iron_boots,Iron Boots,1
970,diamond_helmet,Diamond Helmet,1
971,diamond_chestplate,Diamond Chestplate,1
972,diamond_leggings,Diamond Leggings,1
973,diamond_boots,Diamond Boots,1
974,golden_helmet,Golden Helmet,1
975,golden_chestplate,Golden Chestplate,1
976,golden_leggings,Golden Leggings,1
977,golden_boots,Golden Boots,1
978,netherite_helmet,Netherite Helmet,1
979,netherite_chestplate,Netherite Chestplate,1
980,netherite_leggings,Netherite Leggings,1
981,netherite_boots,Netherite Boots,1
982,flint,Flint,64
983,porkchop,Raw Porkchop,64
984,cooked_porkchop,Cooked Porkchop,64
985,painting,Painting,64
986,golden_apple,Golden Apple,64
987,enchanted_golden_apple,Enchanted Golden Apple,64
988,oak_sign,Oak Sign,16
989,spruce_sign,Spruce Sign,16
990,birch_sign,Birch Sign,16
991,jungle_sign,Jungle Sign,16
992,acacia_sign,Acacia Sign,16
993,cherry_sign,Cherry Sign,16
994,dark_oak_sign,Dark Oak Sign,16
995,pale_oak_sign,Pale Oak Sign,16
996,mangrove_sign,Mangrove Sign,16
997,bamboo_sign,Bamboo Sign,16
998,crimson_sign,Crimson Sign,16
999,warped_sign,Warped Sign,16
1000,oak_hanging_sign,Oak Hanging Sign,16
1001,spruce_hanging_sign,Spruce Hanging Sign,16
1002,birch_hanging_sign,Birch Hanging Sign,16
1003,jungle_hanging_sign,Jungle Hanging Sign,16
1004,acacia_hanging_sign,Acacia Hanging Sign,16
1005,cherry_hanging_sign,Cherry Hanging Sign,16
1006,dark_oak_hanging_sign,Dark Oak Hanging Sign,16
1007,pale_oak_hanging_sign,Pale Oak Hanging Sign,16
1008,mangrove_hanging_sign,Mangrove Hanging Sign,16
1009,bamboo_hanging_sign,Bamboo Hanging Sign,16
1010,crimson_hanging_sign,Crimson Hanging Sign,16
1011,warped_hanging_sign,Warped Hanging Sign,16
1012,bucket,Bucket,16
1013,water_bucket,Water Bucket,1
1014,lava_bucket,Lava Bucket,1
1015,powder_snow_bucket,Powder Snow Bucket,1
1016,snowball,Snowball,16
1017,leather,Leather,64
1018,milk_bucket,Milk Bucket,1
1019,pufferfish_bucket,Bucket of Pufferfish,1
1020,salmon_bucket,Bucket of Salmon,1
1021,cod_bucket,Bucket of Cod,1
1022,tropical_fish_bucket,Bucket of Tropical Fish,1
1023,axolotl_bucket,Bucket of Axolotl,1
1024,tadpole_bucket,Bucket of Tadpole,1
1025,brick,Brick,64
1026,clay_ball,Clay Ball,64
1027,dried_kelp_block,Dried Kelp Block,64
1028,paper,Paper,64
1029,book,Book,64
1030,slime_ball,Slimeball,64
1031,egg,Egg,16
1032,blue_egg,Blue Egg,16
1033,brown_egg,Brown Egg,16
1034,compass,Compass,64
1035,recovery_compass,Recovery Compass,64
1036,bundle,Bundle,1
1037,white_bundle,White Bundle,1
1038,orange_bundle,Orange Bundle,1
1039,magenta_bundle,Magenta Bundle,1
1040,light_blue_bundle,Light Blue Bundle,1
1041,yellow_bundle,Yellow Bundle,1
1042,lime_bundle,Lime Bundle,1
1043,pink_bundle,Pink Bundle,1
1044,gray_bundle,Gray Bundle,1
1045,light_gray_bundle,Light Gray Bundle,1
1046,cyan_bundle,Cyan Bundle,1
1047,purple_bundle,Purple Bundle,1
1048,blue_bundle,Blue Bundle,1
1049,brown_bundle,Brown Bundle,1
1050,green_bundle,Green Bundle,1
1051,red_bundle,Red Bundle,1
1052,black_bundle,Black Bundle,1
1053,fishing_rod,Fishing Rod,1
1054,clock,Clock,64
1055,spyglass,Spyglass,1
1056,glowstone_dust,Glowstone Dust,64
1057,cod,Raw Cod,64
1058,salmon,Raw Salmon,64
1059,tropical_fish,Tropical Fish,64
1060,pufferfish,Pufferfish,64
1061,cooked_cod,Cooked Cod,64
1062,cooked_salmon,Cooked Salmon,64
1063,ink_sac,Ink Sac,64
1064,glow_ink_sac,Glow Ink Sac,64
1065,cocoa_beans,Cocoa Beans,64
1066,white_dye,White Dye,64
1067,orange_dye,Orange Dye,64
1068,magenta_dye,Magenta Dye,64
1069,light_blue_dye,Light Blue Dye,64
1070,yellow_dye,Yellow Dye,64
1071,lime_dye,Lime Dye,64
1072,pink_dye,Pink Dye,64
1073,gray_dye,Gray Dye,64
1074,light_gray_dye,Light Gray Dye,64
1075,cyan_dye,Cyan Dye,64
1076,purple_dye,Purple Dye,64
1077,blue_dye,Blue Dye,64
1078,brown_dye,Brown Dye,64
1079,green_dye,Green Dye,64
1080,red_dye,Red Dye,64
1081,black_dye,Black Dye,64
1082,bone_meal,Bone Meal,64
1083,bone,Bone,64
1084,sugar,Sugar,64
1085,cake,Cake,1
1086,white_bed,White Bed,1
1087,orange_bed,Orange Bed,1
1088,magenta_bed,Magenta Bed,1
1089,light_blue_bed,Light Blue Bed,1
1090,yellow_bed,Yellow Bed,1
1091,lime_bed,Lime Bed,1
1092,pink_bed,Pink Bed,1
1093,gray_bed,Gray Bed,1
1094,light_gray_bed,Light Gray Bed,1
1095,cyan_bed,Cyan Bed,1
1096,purple_bed,Purple Bed,1
1097,blue_bed,Blue Bed,1
1098,brown_bed,Brown Bed,1
1099,green_bed,Green Bed,1
1100,red_bed,Red Bed,1
1101,black_bed,Black Bed,1
1102,cookie,Cookie,64
1103,crafter,Crafter,64
1104,filled_map,Map,64
1105,shears,Shears,1
1106,melon_slice,Melon Slice,64
1107,dried_kelp,Dried Kelp,64
1108,pumpkin_seeds,Pumpkin Seeds,64
1109,melon_seeds,Melon Seeds,64
1110,beef,Raw Beef,64
1111,cooked_beef,Steak,64
1112,chicken,Raw Chicken,64
1113,cooked_chicken,Cooked Chicken,64
1114,rotten_flesh,Rotten Flesh,64
1115,ender_pearl,Ender Pearl,16
1116,blaze_rod,Blaze Rod,64
1117,ghast_tear,Ghast Tear,64
1118,gold_nugget,Gold Nugget,64
1119,nether_wart,Nether Wart,64
1120,glass_bottle,Glass Bottle,64
1121,potion,Potion,1
1122,spider_eye,Spider Eye,64
1123,fermented_spider_eye,Fermented Spider Eye,64
1124,blaze_powder,Blaze Powder,64
1125,magma_cream,Magma Cream,64
1126,brewing_stand,Brewing Stand,64
1127,cauldron,Cauldron,64
1128,ender_eye,Eye of Ender,64
1129,glistering_melon_slice,Glistering Melon Slice,64
1130,chicken_spawn_egg,Chicken Spawn Egg,64
1131,cow_spawn_egg,Cow Spawn Egg,64
1132,pig_spawn_egg,Pig Spawn Egg,64
1133,sheep_spawn_egg,Sheep Spawn Egg,64
1134,camel_spawn_egg,Camel Spawn Egg,64
1135,donkey_spawn_egg,Donkey Spawn Egg,64
1136,horse_spawn_egg,Horse Spawn Egg,64
1137,mule_spawn_egg,Mule Spawn Egg,64
1138,cat_spawn_egg,Cat Spawn Egg,64
1139,parrot_spawn_egg,Parrot Spawn Egg,64
1140,wolf_spawn_egg,Wolf Spawn Egg,64
1141,armadillo_spawn_egg,Armadillo Spawn Egg,64
1142,bat_spawn_egg,Bat Spawn Egg,64
1143,bee_spawn_egg,Bee Spawn Egg,64
1144,fox_spawn_egg,Fox Spawn Egg,64
1145,goat_spawn_egg,Goat Spawn Egg,64
1146,llama_spawn_egg,Llama Spawn Egg,64
1147,ocelot_spawn_egg,Ocelot Spawn Egg,64
1148,panda_spawn_egg,Panda Spawn Egg,64
1149,polar_bear_spawn_egg,Polar Bear Spawn Egg,64
1150,rabbit_spawn_egg,Rabbit Spawn Egg,64
1151,axolotl_spawn_egg,Axolotl Spawn Egg,64
1152,cod_spawn_egg,Cod Spawn Egg,64
1153,dolphin_spawn_egg,Dolphin Spawn Egg,64
1154,frog_spawn_egg,Frog Spawn Egg,64
1155,glow_squid_spawn_egg,Glow Squid Spawn Egg,64
1156,nautilus_spawn_egg,Nautilus Spawn Egg,64
1157,pufferfish_spawn_egg,Pufferfish Spawn Egg,64
1158,salmon_spawn_egg,Salmon Spawn Egg,64
1159,squid_spawn_egg,Squid Spawn Egg,64
1160,tadpole_spawn_egg,Tadpole Spawn Egg,64
1161,tropical_fish_spawn_egg,Tropical Fish Spawn Egg,64
1162,turtle_spawn_egg,Turtle Spawn Egg,64
1163,allay_spawn_egg,Allay Spawn Egg,64
1164,mooshroom_spawn_egg,Mooshroom Spawn Egg,64
1165,sniffer_spawn_egg,Sniffer Spawn Egg,64
1166,copper_golem_spawn_egg,Copper Golem Spawn Egg,64
1167,iron_golem_spawn_egg,Iron Golem Spawn Egg,64
1168,snow_golem_spawn_egg,Snow Golem Spawn Egg,64
1169,trader_llama_spawn_egg,Trader Llama Spawn Egg,64
1170,villager_spawn_egg,Villager Spawn Egg,64
1171,wandering_trader_spawn_egg,Wandering Trader Spawn Egg,64
1172,bogged_spawn_egg,Bogged Spawn Egg,64
1173,camel_husk_spawn_egg,Camel Husk Spawn Egg,64
1174,drowned_spawn_egg,Drowned Spawn Egg,64
1175,husk_spawn_egg,Husk Spawn Egg,64
1176,parched_spawn_egg,Parched Spawn Egg,64
1177,skeleton_spawn_egg,Skeleton Spawn Egg,64
1178,skeleton_horse_spawn_egg,Skeleton Horse Spawn Egg,64
1179,stray_spawn_egg,Stray Spawn Egg,64
1180,wither_spawn_egg,Wither Spawn Egg,64
1181,wither_skeleton_spawn_egg,Wither Skeleton Spawn Egg,64
1182,zombie_spawn_egg,Zombie Spawn Egg,64
1183,zombie_horse_spawn_egg,Zombie Horse Spawn Egg,64
1184,zombie_nautilus_spawn_egg,Zombie Nautilus Spawn Egg,64
1185,zombie_villager_spawn_egg,Zombie Villager Spawn Egg,64
1186,cave_spider_spawn_egg,Cave Spider Spawn Egg,64
1187,spider_spawn_egg,Spider Spawn Egg,64
1188,breeze_spawn_egg,Breeze Spawn Egg,64
1189,creaking_spawn_egg,Creaking Spawn Egg,64
1190,creeper_spawn_egg,Creeper Spawn Egg,64
1191,elder_guardian_spawn_egg,Elder Guardian Spawn Egg,64
1192,guardian_spawn_egg,Guardian Spawn Egg,64
1193,phantom_spawn_egg,Phantom Spawn Egg,64
1194,silverfish_spawn_egg,Silverfish Spawn Egg,64
1195,slime_spawn_egg,Slime Spawn Egg,64
1196,warden_spawn_egg,Warden Spawn Egg,64
1197,witch_spawn_egg,Witch Spawn Egg,64
1198,evoker_spawn_egg,Evoker Spawn Egg,64
1199,pillager_spawn_egg,Pillager Spawn Egg,64
1200,ravager_spawn_egg,Ravager Spawn Egg,64
1201,vindicator_spawn_egg,Vindicator Spawn Egg,64
1202,vex_spawn_egg,Vex Spawn Egg,64
1203,blaze_spawn_egg,Blaze Spawn Egg,64
1204,ghast_spawn_egg,Ghast Spawn Egg,64
1205,happy_ghast_spawn_egg,Happy Ghast Spawn Egg,64
1206,hoglin_spawn_egg,Hoglin Spawn Egg,64
1207,magma_cube_spawn_egg,Magma Cube Spawn Egg,64
1208,piglin_spawn_egg,Piglin Spawn Egg,64
1209,piglin_brute_spawn_egg,Piglin Brute Spawn Egg,64
1210,strider_spawn_egg,Strider Spawn Egg,64
1211,zoglin_spawn_egg,Zoglin Spawn Egg,64
1212,zombified_piglin_spawn_egg,Zombified Piglin Spawn Egg,64
1213,ender_dragon_spawn_egg,Ender Dragon Spawn Egg,64
1214,enderman_spawn_egg,Enderman Spawn Egg,64
1215,endermite_spawn_egg,Endermite Spawn Egg,64
1216,shulker_spawn_egg,Shulker Spawn Egg,64
1217,experience_bottle,Bottle o' Enchanting,64
1218,fire_charge,Fire Charge,64
1219,wind_charge,Wind Charge,64
1220,writable_book,Book and Quill,1
1221,written_book,Written Book,16
1222,breeze_rod,Breeze Rod,64
1223,mace,Mace,1
1224,item_frame,Item Frame,64
1225,glow_item_frame,Glow Item Frame,64
1226,flower_pot,Flower Pot,64
1227,carrot,Carrot,64
1228,potato,Potato,64
1229,baked_potato,Baked Potato,64
1230,poisonous_potato,Poisonous Potato,64
1231,map,Empty Map,64
1232,golden_carrot,Golden Carrot,64
1233,skeleton_skull,Skeleton Skull,64
1234,wither_skeleton_skull,Wither Skeleton Skull,64
1235,player_head,Player Head,64
1236,zombie_head,Zombie Head,64
1237,creeper_head,Creeper Head,64
1238,dragon_head,Dragon Head,64
1239,piglin_head,Piglin Head,64
1240,nether_star,Nether Star,64
1241,pumpkin_pie,Pumpkin Pie,64
1242,firework_rocket,Firework Rocket,64
1243,firework_star,Firework Star,64
1244,enchanted_book,Enchanted Book,1
1245,nether_brick,Nether Brick,64
1246,resin_brick,Resin Brick,64
1247,prismarine_shard,Prismarine Shard,64
1248,prismarine_crystals,Prismarine Crystals,64
1249,rabbit,Raw Rabbit,64
1250,cooked_rabbit,Cooked Rabbit,64
1251,rabbit_stew,Rabbit Stew,1
1252,rabbit_foot,Rabbit's Foot,64
1253,rabbit_hide,Rabbit Hide,64
1254,armor_stand,Armor Stand,16
1255,copper_horse_armor,Copper Horse Armor,1
1256,iron_horse_armor,Iron Horse Armor,1
1257,golden_horse_armor,Golden Horse Armor,1
1258,diamond_horse_armor,Diamond Horse Armor,1
1259,netherite_horse_armor,Netherite Horse Armor,1
1260,leather_horse_armor,Leather Horse Armor,1
1261,lead,Lead,64
1262,name_tag,Name Tag,64
1263,command_block_minecart,Minecart with Command Block,1
1264,mutton,Raw Mutton,64
1265,cooked_mutton,Cooked Mutton,64
1266,white_banner,White Banner,16
1267,orange_banner,Orange Banner,16
1268,magenta_banner,Magenta Banner,16
1269,light_blue_banner,Light Blue Banner,16
1270,yellow_banner,Yellow Banner,16
1271,lime_banner,Lime Banner,16
1272,pink_banner,Pink Banner,16
1273,gray_banner,Gray Banner,16
1274,light_gray_banner,Light Gray Banner,16
1275,cyan_banner,Cyan Banner,16
1276,purple_banner,Purple Banner,16
1277,blue_banner,Blue Banner,16
1278,brown_banner,Brown Banner,16
1279,green_banner,Green Banner,16
1280,red_banner,Red Banner,16
1281,black_banner,Black Banner,16
1282,end_crystal,End Crystal,64
1283,chorus_fruit,Chorus Fruit,64
1284,popped_chorus_fruit,Popped Chorus Fruit,64
1285,torchflower_seeds,Torchflower Seeds,64
1286,pitcher_pod,Pitcher Pod,64
1287,beetroot,Beetroot,64
1288,beetroot_seeds,Beetroot Seeds,64
1289,beetroot_soup,Beetroot Soup,1
1290,dragon_breath,Dragon's Breath,64
1291,splash_potion,Splash Potion,1
1292,spectral_arrow,Spectral Arrow,64
1293,tipped_arrow,Tipped Arrow,64
1294,lingering_potion,Lingering Potion,1
1295,shield,Shield,1
1296,wooden_spear,Wooden Spear,1
1297,stone_spear,Stone Spear,1
1298,copper_spear,Copper Spear,1
1299,iron_spear,Iron Spear,1
1300,golden_spear,Golden Spear,1
1301,diamond_spear,Diamond Spear,1
1302,netherite_spear,Netherite Spear,1
1303,totem_of_undying,Totem of Undying,1
1304,shulker_shell,Shulker Shell,64
1305,iron_nugget,Iron Nugget,64
1306,copper_nugget,Copper Nugget,64
1307,knowledge_book,Knowledge Book,1
1308,debug_stick,Debug Stick,1
1309,music_disc_13,Music Disc,1
1310,music_disc_cat,Music Disc,1
1311,music_disc_blocks,Music Disc,1
1312,music_disc_chirp,Music Disc,1
1313,music_disc_creator,Music Disc,1
1314,music_disc_creator_music_box,Music Disc,1
1315,music_disc_far,Music Disc,1
1316,music_disc_lava_chicken,Music Disc,1
1317,music_disc_mall,Music Disc,1
1318,music_disc_mellohi,Music Disc,1
1319,music_disc_stal,Music Disc,1
1320,music_disc_strad,Music Disc,1
1321,music_disc_ward,Music Disc,1
1322,music_disc_11,Music Disc,1
1323,music_disc_wait,Music Disc,1
1324,music_disc_otherside,Music Disc,1
1325,music_disc_relic,Music Disc,1
1326,music_disc_5,Music Disc,1
1327,music_disc_pigstep,Music Disc,1
1328,music_disc_precipice,Music Disc,1
1329,music_disc_tears,Music Disc,1
1330,disc_fragment_5,Disc Fragment,64
1331,trident,Trident,1
1332,nautilus_shell,Nautilus Shell,64
1333,iron_nautilus_armor,Iron Nautilus Armor,1
1334,golden_nautilus_armor,Golden Nautilus Armor,1
1335,diamond_nautilus_armor,Diamond Nautilus Armor,1
1336,netherite_nautilus_armor,Netherite Nautilus Armor,1
1337,copper_nautilus_armor,Copper Nautilus Armor,1
1338,heart_of_the_sea,Heart of the Sea,64
1339,crossbow,Crossbow,1
1340,suspicious_stew,Suspicious Stew,1
1341,loom,Loom,64
1342,flower_banner_pattern,Flower Charge Banner Pattern,1
1343,creeper_banner_pattern,Creeper Charge Banner Pattern,1
1344,skull_banner_pattern,Skull Charge Banner Pattern,1
1345,mojang_banner_pattern,Thing Banner Pattern,1
1346,globe_banner_pattern,Globe Banner Pattern,1
1347,piglin_banner_pattern,Snout Banner Pattern,1
1348,flow_banner_pattern,Flow Banner Pattern,1
1349,guster_banner_pattern,Guster Banner Pattern,1
1350,field_masoned_banner_pattern,Field Masoned Banner Pattern,1
1351,bordure_indented_banner_pattern,Bordure Indented Banner Pattern,1
1352,goat_horn,Goat Horn,1
1353,composter,Composter,64
1354,barrel,Barrel,64
1355,smoker,Smoker,64
1356,blast_furnace,Blast Furnace,64
1357,cartography_table,Cartography Table,64
1358,fletching_table,Fletching Table,64
1359,grindstone,Grindstone,64
1360,smithing_table,Smithing Table,64
1361,stonecutter,Stonecutter,64
1362,bell,Bell,64
1363,lantern,Lantern,64
1364,soul_lantern,Soul Lantern,64
1365,copper_lantern,Copper Lantern,64
1366,exposed_copper_lantern,Exposed Copper Lantern,64
1367,weathered_copper_lantern,Weathered Copper Lantern,64
1368,oxidized_copper_lantern,Oxidized Copper Lantern,64
1369,waxed_copper_lantern,Waxed Copper Lantern,64
1370,waxed_exposed_copper_lantern,Waxed Exposed Copper Lantern,64
1371,waxed_weathered_copper_lantern,Waxed Weathered Copper Lantern,64
1372,waxed_oxidized_copper_lantern,Waxed Oxidized Copper Lantern,64
1373,sweet_berries,Sweet Berries,64
1374,glow_berries,Glow Berries,64
1375,campfire,Campfire,64
1376,soul_campfire,Soul Campfire,64
1377,shroomlight,Shroomlight,64
1378,honeycomb,Honeycomb,64
1379,bee_nest,Bee Nest,64
1380,beehive,Beehive,64
1381,honey_bottle,Honey Bottle,16
1382,honeycomb_block,Honeycomb Block,64
1383,lodestone,Lodestone,64
1384,crying_obsidian,Crying Obsidian,64
1385,blackstone,Blackstone,64
1386,blackstone_slab,Blackstone Slab,64
1387,blackstone_stairs,Blackstone Stairs,64
1388,gilded_blackstone,Gilded Blackstone,64
1389,polished_blackstone,Polished Blackstone,64
1390,polished_blackstone_slab,Polished Blackstone Slab,64
1391,polished_blackstone_stairs,Polished Blackstone Stairs,64
1392,chiseled_polished_blackstone,Chiseled Polished Blackstone,64
1393,polished_blackstone_bricks,Polished Blackstone Bricks,64
1394,polished_blackstone_brick_slab,Polished Blackstone Brick Slab,64
1395,polished_blackstone_brick_stairs,Polished Blackstone Brick Stairs,64
1396,cracked_polished_blackstone_bricks,Cracked Polished Blackstone Bricks,64
1397,respawn_anchor,Respawn Anchor,64
1398,candle,Candle,64
1399,white_candle,White Candle,64
1400,orange_candle,Orange Candle,64
1401,magenta_candle,Magenta Candle,64
1402,light_blue_candle,Light Blue Candle,64
1403,yellow_candle,Yellow Candle,64
1404,lime_candle,Lime Candle,64
1405,pink_candle,Pink Candle,64
1406,gray_candle,Gray Candle,64
1407,light_gray_candle,Light Gray Candle,64
1408,cyan_candle,Cyan Candle,64
1409,purple_candle,Purple Candle,64
1410,blue_candle,Blue Candle,64
1411,brown_candle,Brown Candle,64
1412,green_candle,Green Candle,64
1413,red_candle,Red Candle,64
1414,black_candle,Black Candle,64
1415,small_amethyst_bud,Small Amethyst Bud,64
1416,medium_amethyst_bud,Medium Amethyst Bud,64
1417,large_amethyst_bud,Large Amethyst Bud,64
1418,amethyst_cluster,Amethyst Cluster,64
1419,pointed_dripstone,Pointed Dripstone,64
1420,ochre_froglight,Ochre Froglight,64
1421,verdant_froglight,Verdant Froglight,64
1422,pearlescent_froglight,Pearlescent Froglight,64
1423,frogspawn,Frogspawn,64
1424,echo_shard,Echo Shard,64
1425,brush,Brush,1
1426,netherite_upgrade_smithing_template,Netherite Upgrade,64
1427,sentry_armor_trim_smithing_template,Sentry Armor Trim,64
1428,dune_armor_trim_smithing_template,Dune Armor Trim,64
1429,coast_armor_trim_smithing_template,Coast Armor Trim,64
1430,wild_armor_trim_smithing_template,Wild Armor Trim,64
1431,ward_armor_trim_smithing_template,Ward Armor Trim,64
1432,eye_armor_trim_smithing_template,Eye Armor Trim,64
1433,vex_armor_trim_smithing_template,Vex Armor Trim,64
1434,tide_armor_trim_smithing_template,Tide Armor Trim,64
1435,snout_armor_trim_smithing_template,Snout Armor Trim,64
1436,rib_armor_trim_smithing_template,Rib Armor Trim,64
1437,spire_armor_trim_smithing_template,Spire Armor Trim,64
1438,wayfinder_armor_trim_smithing_template,Wayfinder Armor Trim,64
1439,shaper_armor_trim_smithing_template,Shaper Armor Trim,64
1440,silence_armor_trim_smithing_template,Silence Armor Trim,64
1441,raiser_armor_trim_smithing_template,Raiser Armor Trim,64
1442,host_armor_trim_smithing_template,Host Armor Trim,64
1443,flow_armor_trim_smithing_template,Flow Armor Trim,64
1444,bolt_armor_trim_smithing_template,Bolt Armor Trim,64
1445,angler_pottery_sherd,Angler Pottery Sherd,64
1446,archer_pottery_sherd,Archer Pottery Sherd,64
1447,arms_up_pottery_sherd,Arms Up Pottery Sherd,64
1448,blade_pottery_sherd,Blade Pottery Sherd,64
1449,brewer_pottery_sherd,Brewer Pottery Sherd,64
1450,burn_pottery_sherd,Burn Pottery Sherd,64
1451,danger_pottery_sherd,Danger Pottery Sherd,64
1452,explorer_pottery_sherd,Explorer Pottery Sherd,64
1453,flow_pottery_sherd,Flow Pottery Sherd,64
1454,friend_pottery_sherd,Friend Pottery Sherd,64
1455,guster_pottery_sherd,Guster Pottery Sherd,64
1456,heart_pottery_sherd,Heart Pottery Sherd,64
1457,heartbreak_pottery_sherd,Heartbreak Pottery Sherd,64
1458,howl_pottery_sherd,Howl Pottery Sherd,64
1459,miner_pottery_sherd,Miner Pottery Sherd,64
1460,mourner_pottery_sherd,Mourner Pottery Sherd,64
1461,plenty_pottery_sherd,Plenty Pottery Sherd,64
1462,prize_pottery_sherd,Prize Pottery Sherd,64
1463,scrape_pottery_sherd,Scrape Pottery Sherd,64
1464,sheaf_pottery_sherd,Sheaf Pottery Sherd,64
1465,shelter_pottery_sherd,Shelter Pottery Sherd,64
1466,skull_pottery_sherd,Skull Pottery Sherd,64
1467,snort_pottery_sherd,Snort Pottery Sherd,64
1468,copper_grate,Copper Grate,64
1469,exposed_copper_grate,Exposed Copper Grate,64
1470,weathered_copper_grate,Weathered Copper Grate,64
1471,oxidized_copper_grate,Oxidized Copper Grate,64
1472,waxed_copper_grate,Waxed Copper Grate,64
1473,waxed_exposed_copper_grate,Waxed Exposed Copper Grate,64
1474,waxed_weathered_copper_grate,Waxed Weathered Copper Grate,64
1475,waxed_oxidized_copper_grate,Waxed Oxidized Copper Grate,64
1476,copper_bulb,Copper Bulb,64
1477,exposed_copper_bulb,Exposed Copper Bulb,64
1478,weathered_copper_bulb,Weathered Copper Bulb,64
1479,oxidized_copper_bulb,Oxidized Copper Bulb,64
1480,waxed_copper_bulb,Waxed Copper Bulb,64
1481,waxed_exposed_copper_bulb,Waxed Exposed Copper Bulb,64
1482,waxed_weathered_copper_bulb,Waxed Weathered Copper Bulb,64
1483,waxed_oxidized_copper_bulb,Waxed Oxidized Copper Bulb,64
1484,copper_chest,Copper Chest,64
1485,exposed_copper_chest,Exposed Copper Chest,64
1486,weathered_copper_chest,Weathered Copper Chest,64
1487,oxidized_copper_chest,Oxidized Copper Chest,64
1488,waxed_copper_chest,Waxed Copper Chest,64
1489,waxed_exposed_copper_chest,Waxed Exposed Copper Chest,64
1490,waxed_weathered_copper_chest,Waxed Weathered Copper Chest,64
1491,waxed_oxidized_copper_chest,Waxed Oxidized Copper Chest,64
1492,copper_golem_statue,Copper Golem Statue,64
1493,exposed_copper_golem_statue,Exposed Copper Golem Statue,64
1494,weathered_copper_golem_statue,Weathered Copper Golem Statue,64
1495,oxidized_copper_golem_statue,Oxidized Copper Golem Statue,64
1496,waxed_copper_golem_statue,Waxed Copper Golem Statue,64
1497,waxed_exposed_copper_golem_statue,Waxed Exposed Copper Golem Statue,64
1498,waxed_weathered_copper_golem_statue,Waxed Weathered Copper Golem Statue,64
1499,waxed_oxidized_copper_golem_statue,Waxed Oxidized Copper Golem Statue,64
1500,trial_spawner,Trial Spawner,64
1501,trial_key,Trial Key,64
1502,ominous_trial_key,Ominous Trial Key,64
1503,vault,Vault,64
1504,ominous_bottle,Ominous Bottle,64
